Evan You	
Ruan YiFeng	yifeng.ruan@gmail.com
Michael Liao	askxuefeng@gmail.com
云风	cloudwu@gmail.com
代码家	daimajia@gmail.com
Phodal Huang	h@phodal.com
Wei Wang	onev@onevcat.com
Jackson Tian	shyvo1987@gmail.com
Trinea	trinea.cn@gmail.com
astaxie	xiemengjun@gmail.com
破娃酱	
stormzhang	stormzhang.dev@gmail.com
lifesinger	lifesinger@gmail.com
张鸿洋	623565791@qq.com
迷渡	justjavac@gmail.com
司徒正美	cheng19840218@gmail.com
Xinchen Hui	laruence@php.net
Yaoyuan	ibireme@gmail.com
小鱼	
编程随想	
张云龙	fouber.NET@gmail.com
cangdu	1264889788@qq.com
M了个J	richermj123go@vip.qq.com
微博@iOS程序犭袁	
羡辙	me@zhangwenli.com
Shaofei Cheng	csf178@gmail.com
Hsiaoming Yang	me@lepture.com
Shuo Chen	chenshuo@chenshuo.com
fengmk2	fengmk2@gmail.com
Tang Qiao	
singwhatiwanna	singwhatiwanna@gmail.com
Drakeet	drakeet@drakeet.com
程序猿DD-翟永超	dyc87112@qq.com
Milo Yip	miloyip@gmail.com
HuangYi	
狼叔	
Kai Zhu	rengwuxian@gmail.com
xufei	xu.fei@outlook.com
飞龙	admin@flygon.net
EGOIST	0x142857@gmail.com
D	
勾三股四	zhaojinjiang@me.com
Cheng Zhao	zcbenz@gmail.com
Mr.Simple	simplecoder.h@gmail.com
安正超	
nswbmw	
July	786165179@qq.com
DIYgod	i@diygod.me
alsotang	alsotang@gmail.com
Easy	
老齐	qiwsir@gmail.com
HuKai	kesenhoo@gmail.com
Jason Lee	huacnlee@gmail.com
李鼎(哲良)	oldratlee@gmail.com
纯洁的微笑	ityouknow@126.com
Coco	
wepon	wepon@pku.edu.cn
Xiaoke Zhang	
颜海镜	yanhaijing@yeah.net
hi大头鬼hi	bruceinpeking@gmail.com
Joyee Cheung	joyeec9h3@gmail.com
偏右	afc163@gmail.com
Yiyu He	heyiyu.deadhorse@gmail.com
dodola	dinophp@gmail.com
crossoverJie	crossoverJie@gmail.com
花裤衩	panfree23@gmail.com
黄健宏	huangz1990@gmail.com
Max Lv	max.c.lv@gmail.com
Kevin	kevinchou.c@gmail.com
Lody	
Lex Tang	lexrus@gmail.com
冴羽	mqyqingfeng@qq.com
小胡子哥	barret.china@gmail.com
高少东	gsdios@126.com
王浩	bingoogolapple@gmail.com
Winds	
泥瓦匠BYSocket	bysocket@aliyun.com
CSS魔法	
Yihua Huang	code4crafter@gmail.com
markzhai	zhaiyifan56@gmail.com
Casa Taloyum	casatwy@casatwy.com
Rei	chloerei@gmail.com
Yubo Liu	liuyubobobo@gmail.com
Draven	i@draveness.me
小明	ciici123@hotmail.com
韩天峰-Rango	mikan.tenny@gmail.com
Qitao Yang	
微醺岁月	jawil1024@gmail.com
张涛	kymjs123@gmail.com
Xuan Huang	huxpro@gmail.com
HE Shi-Jun	
芋道源码	zhijiantianya@gmail.com
敏敏Alexia	lanxuezaipiao@163.com
sloop	GcsSloop@gmail.com
hzlzh	
神奇的战士	rocksong.hit@gmail.com
曾宪华	xhzengAIB@gmail.com
Huang Haiguang	haiguang2000@qq.com
yiminghe	yiminghe@gmail.com
TZ | 天猪	atian25@qq.com
贤心	
温绍锦	shaojin.wensj@alibaba-inc.com
codefollower	
糖饼	sugarpie.tang@gmail.com
许雪里	931591021@qq.com
Mr.Bao	baoyz@live.com
bang	bang590@gmail.com
小马哥	mercyblitz@gmail.com
vczero	wlhmyit@126.com
hustcc	i@hust.cc
Sunki	
WeChat	
Airen	airenliao@gmail.com
John Lui	
Sun Junyi	sunjunyi01@baidu.com
开源中国	oschina.net@gmail.com
Lei Xiaohua	leixiaohua1020@126.com
Zhenjie Yan	im.yanzhenjie@gmail.com
JessYan	jess.yan.effort@gmail.com
Teddysun	i@teddysun.com
Yi Shen	shenyi01@baidu.com
CJJ	929178101@qq.com
子骅	
Cam Song	neosoyn@gmail.com
小弟调调™	wowohoo@qq.com
phuslu	phuslu@hotmail.com
芋头	xinyu198736@gmail.com
达庆凯	1132234509@qq.com
Summer	summer@learnku.com
Jon	jiyinyiyong@gmail.com
Shuyu Guo	
汪磊	w@zce.me
郭霖	
艾伦 Aaron	401545553@qq.com
轻微	
Guo Yu	i@guoyu.me
halfrost	ydz627@gmail.com
Ying Zhong	0x00eeee@gmail.com
Tu Yimin	mmin18@gmail.com
Zhouxuan Yang	fool2fish@gmail.com
元彦	
C. L. Wang	morndragon@126.com
Judas.n	jn3.141592654@gmail.com
Belleve Invis	belleve@typeof.net
yang	1948638989@qq.com
xtaci	imap@live.com
zangqilong	zangqilong@gmail.com
子龙山人	guanghui8827@126.com
Flood Sung	
Frank Fang	
削微寒	
xcatliu	xcatliu@gmail.com
walkor	
Khaidi Chu	i@2333.moe
GU Yiling	justice360@gmail.com
ike_w0ng	ike.wcj@gmail.com
染陌同学	answershuto@gmail.com
Liuzh	abel533@gmail.com
JackyHuang	huangyibiao520@163.com
Jack Cui	c411184003@gmail.com
Jacky Wang	jacky.android@foxmail.com
Mariotaku	mariotaku.lee@gmail.com
smallnest	smallnest@gmail.com
文翼	wenzhixin2010@gmail.com
达峰的夏天	xudafeng@126.com
siddontang	siddontang@gmail.com
Aufree	aufree@yousails.com
杨萧玉	
老雷	leizongmin@gmail.com
Jinzhu	wosmvp@gmail.com
浅墨	
Zhiping Yang	
Piasy	xz4215@gmail.com
Livoras	me@livoras.com
Zhi Cun	island205@gmail.com
易枭寒	shijiangge@gmail.com
ideawu	
Limboy	limboy.me@gmail.com
chyyuu	
Weiping Huang	Nightonke@outlook.com
当耐特	dntzhang@qq.com
Yang Hui	me@yanghui.name
ctiao	calmer91@gmail.com
Wang, Xiaozhe	chaoslawful@gmail.com
Chester Liu	skyline75489@outlook.com
MartinRGB	
前端开发博客	
lijing00333	lijing00333@163.com
Kt Zhang	ktzhang@bestswifter.com
脉脉不得语	inferjay@gmail.com
weishu	twsxtd@gmail.com
依云	lilydjwg@gmail.com
Terry.Mao	iammao@vip.qq.com
ZhengHaibo	87399126@163.com
佛振	chen.sst@gmail.com
yck	zx597813039@gmail.com
dennis zhuang	killme2008@gmail.com
Wu.XiaoFei	masfay@163.com
youxiachai	youxiachai@gmail.com
杜瑶	dooyoe@gmail.com
Chenglong Chen	c.chenglong@gmail.com
tobe	tobeg3oogle@gmail.com
Feng Lele	lelefeng1992@gmail.com
leichunfeng	307213080@qq.com
一丝	
梁少峰	youngwind@foxmail.com
三水清	ksky521@gmail.com
qiibeta	qiibeta@gmail.com
xiaojue	designsor@gmail.com
陈键冬	chenjiandongx@qq.com
子迟	hanzichi@outlook.com
geffzhang	
Digoal.zhou	digoal@126.com
Fengyuan Chen	chenfengyuan@outlook.com
fengyun.rui	rfyiamcool@163.com
Jimmy Song	jimmysong@jimmysong.io
Eno Yao	
Flyco	
Airyland	i@mao.li
Gavin.Kwoe	gavinkwoe@gmail.com
woniuppp	
Jindong Wang	jindongwang@outlook.com
ZhaoKaiQiang	419927089@qq.com
shuzheng	469741414@qq.com
Eric Zhang	ericzhang.buaa@gmail.com
Tesla Ice Zhang	ice1000kotlin@foxmail.com
Alone_Monkey	liupeiqing1993@163.com
闲耘™	
刘彦玮	coolnameismy@gmail.com
J.D.Song	juude.song@gmail.com
Feei	feei@feei.cn
Yanyi Wu	i@yanyiwu.com
cinwell.li	cinwell.li@gmail.com
coderyi	coderyi@foxmail.com
LiuShilin	liushilin520@foxmail.com
Joker	pcq019@gmail.com
ralph li	adad184@gmail.com
Tualatrix Chou	tualatrix@gmail.com
Aresn	admin@aresn.com
张磊	baron.zhanglei@gmail.com
iOSRE	
Jingtian Peng	pjt73651@gmail.com
Dexter Yang	dexter.yy@gmail.com
大漠穷秋	damoqiongqiu@126.com
CODECASTS	jb@kuli.org
魏楚阳	weichuyang@163.com
Shrek.Wang	shrekshrek@gmail.com
Haoliang Gao	sakura9515@gmail.com
Chen Yufei	
Aige	
Jin Li	lijinwithyou@gmail.com
Shaoqing Ren	
liangfei	njliangfei@gmail.com
高云 墨智	
wklken	
androidwing	androidwing1992@gmail.com
Ricter Zheng	
HcySunYang	HcySunYang@outlook.com
梁飞	liangfei0201@gmail.com
Fred Wu	ifredwu@gmail.com
四勾 4J	
潇涧	hujiawei090807@gmail.com
Jark	imjark@gmail.com
Weibin Yao(姚伟斌)	yaoweibin@gmail.com
寒小阳	hanxiaoyang.ml@gmail.com
w4lle	wanglinglong.me@gmail.com
云云酱	
